{"train_loss": 1.3154703617095946, "_timestamp": 1691563503.3853867, "_runtime": 282.0967426300049, "_step": 90, "1-step-ahead": 0.3402892303466797, "2-step-ahead": 0.33375823974609375, "3-step-ahead": 0.3392499542236328, "4-step-ahead": 0.33461143493652346, "val_loss": 1.3117866802215576}